{
	"info": {
		"_postman_id": "5d2eb8d2-fd7b-478d-ba49-4a71ecd2d828",
		"name": "api",
		"schema": "https://schema.getpostman.com/json/collection/v2.1.0/collection.json",
		"_exporter_id": "3138305"
	},
	"item": [
		{
			"name": "Login",
			"request": {
				"method": "GET",
				"header": [],
				"url": {
					"raw": "{{base_url}}/login",
					"host": [
						"{{base_url}}"
					],
					"path": [
						"login"
					]
				}
			},
			"response": []
		},
		{
			"name": "MyWallet",
			"request": {
				"method": "GET",
				"header": [],
				"url": {
					"raw": "{{base_url}}/my-wallet",
					"host": [
						"{{base_url}}"
					],
					"path": [
						"my-wallet"
					]
				}
			},
			"response": []
		},
		{
			"name": "Categories",
			"request": {
				"method": "GET",
				"header": [],
				"url": {
					"raw": "{{base_url}}/categories",
					"host": [
						"{{base_url}}"
					],
					"path": [
						"categories"
					]
				}
			},
			"response": []
		},
		{
			"name": "ProductRecommendations",
			"request": {
				"method": "GET",
				"header": [],
				"url": {
					"raw": "{{base_url}}/product-recommendations",
					"host": [
						"{{base_url}}"
					],
					"path": [
						"product-recommendations"
					]
				}
			},
			"response": []
		},
		{
			"name": "BrandBanners",
			"request": {
				"method": "GET",
				"header": [],
				"url": {
					"raw": "{{base_url}}/brand-banners",
					"host": [
						"{{base_url}}"
					],
					"path": [
						"brand-banners"
					]
				}
			},
			"response": []
		},
		{
			"name": "ProductDetail",
			"request": {
				"method": "GET",
				"header": [],
				"url": {
					"raw": "{{base_url}}/product",
					"host": [
						"{{base_url}}"
					],
					"path": [
						"product"
					]
				}
			},
			"response": []
		}
	]
}